{"cameraMode":{"drawMode":0,"name":"Shaded","section":"Shading Mode"},"sceneLighting":true,"audioPlay":false,"sceneViewState":{"showFog":true,"showMaterialUpdate":false,"showSkybox":true,"showFlares":true,"showImageEffects":true,"showParticleSystems":true},"in2DMode":false,"pivot":{"x":-0.2055377960205078,"y":-2.081991195678711,"z":1.9920692443847657},"rotation":{"x":-0.12151335924863816,"y":0.8673492670059204,"z":-0.2586485743522644,"w":-0.40748274326324465},"size":3.3073947429656984,"orthographic":false}