{"cameraMode":{"drawMode":0,"name":"Shaded","section":"Shading Mode"},"sceneLighting":true,"audioPlay":false,"sceneViewState":{"showFog":true,"showMaterialUpdate":false,"showSkybox":true,"showFlares":true,"showImageEffects":true,"showParticleSystems":true},"in2DMode":false,"pivot":{"x":16.139999389648439,"y":0.2199997901916504,"z":-10.639999389648438},"rotation":{"x":-0.34703880548477175,"y":0.45958858728408816,"z":-0.2012864053249359,"w":-0.7923660278320313},"size":7.441644191741943,"orthographic":false}